Workbook

Sheet Teams_and_Divisions
A1: TAMHA TEAMS, DIVISIONS & ICE STATUS DIRECTORY
A2: This sheet powers the dropdown menus in the schedule to ensure 100% naming consistency.
A4: Division | B4: Team / Level | C4: Schedule Dropdown Value | D4: Category | F4: Status Category | G4: Auto Color | H4: How it Works / Meaning
A5: Status | B5: Open Ice | C5: [OPEN] Available | D5: Status | F5: [OPEN] Available | H5: Turns Soft Green automatically. Identifies ice ready for teams to book/buy.
A6: Status | B6: Tentative Hold | C6: [HOLD] Tentative | D6: Status | F6: [HOLD] Tentative | H6: Turns Soft Yellow automatically. Identifies ice tentatively held pending confirmation.
A7: Status | B7: Returned / Dead Ice | C7: [DEAD] Released Ice | D7: Status | F7: *(Game)* | H7: Turns Soft Purple automatically. Highlights games requiring referees/timekeepers.
A8: U7 | B8: U7 Group 4 | C8: U7-4 | D8: Team | F8: [DEAD] Released Ice | H8: Turns Soft Gray automatically. Slot returned to arena or cancelled.
A9: U7 | B9: U7-5 Blue | C9: U7-5 Blue | D9: Team | F9: Senior Game / JrA | H9: Turns Soft Red automatically. External arena conflict.
A10: U7 | B10: U7-5 Orange | C10: U7-5 Orange | D10: Team | F10: Confirmed Team Practice | H10: White/Clean. Standard team practice session.
A11: U7 | B11: U7-6 | C11: U7-6 | D11: Team
A12: U9 | B12: U9 Intermediate | C12: U9 Int | D12: Team
A13: U9 | B13: U9 Advanced | C13: U9 Adv | D13: Team
A14: U9 | B14: U9 Jayasinghe | C14: U9 Jayasinghe | D14: Team
A15: U9 | B15: U9 John | C15: U9 John | D15: Team
A16: U11 | B16: U11 AA | C16: U11AA | D16: Team
A17: U11 | B17: U11 AA Game | C17: U11AA (Game) | D17: Game
A18: U11 | B18: U11 A | C18: U11A | D18: Team
A19: U11 | B19: U11 A Game | C19: U11A (Game) | D19: Game
A20: U11 | B20: U11 B | C20: U11B | D20: Team
A21: U11 | B21: U11 B Game | C21: U11B (Game) | D21: Game
A22: U11 | B22: U11 C Bernard | C22: U11 Bernard | D22: Team
... A50: External | B50: Senior League Game | C50: Senior Game | D50: External

Sheet Weekday_Schedule
B4: Monday | D4: Tuesday | F4: Wednesday | H4: Thursday | J4: Friday
B5: Deuvilles | D5: Deuvilles | F5: Deuvilles | H5: Deuvilles | J5: Deuvilles
B6: Time | C6: Team | D6: Time | E6: Team | F6: Time | G6: Team | H6: Time | I6: Team | J6: Time | K6: Team
B7: 5:00-5:50 | C7: [OPEN] Available | D7: 5:00-5:50 | E7: [OPEN] Available | F7: 5:00-5:50 | G7: U9 Adv | H7: 5:00-5:50 | I7: U7-5 Orange | J7: 5:00-5:50 | K7: [OPEN] Available
B8: 6:00-6:50 | C8: U9 Int | D8: 6:00-6:50 | E8: U13B | F8: 6:00-6:50 | G8: U11B | H8: 6:00-6:50 | I8: U13 Campbell | J8: 6:00-6:50 | K8: U11 Simms
B9: 7:00-7:50 | C9: U11A | D9: 7:00-7:50 | E9: U15A | F9: 7:00-7:50 | G9: U18A | H9: 7:00-7:50 | I9: U15 Bernard | J9: 7:00-7:50 | K9: U18 Wood
B13: Monday | D13: Tuesday | F13: Wednesday | H13: Thursday | J13: Friday
B14: Stadium | D14: Stadium | F14: Stadium | H14: Stadium | J14: Stadium | M14: Extra Notes / Instructions
B15: Time | C15: Team | D15: Time | E15: Team | F15: Time | G15: Team | H15: Time | I15: Team | J15: Time | K15: Team | M15: Select teams from dropdown or type directly.
B16: 5:30-6:20 | C16: [DEAD] Released Ice | D16: 5:00-5:50 | E16: U13AAA | F16: 6:00-6:50 | G16: [OPEN] Available | H16: 6:00-6:50 | I16: [OPEN] Available | J16: 5:30-6:50 | K16: U15AA (Game) | M16: Use [OPEN] for available ice, [HOLD] for tentative.
B17: 6:30-7:20 | C17: U13A | D17: 6:00-6:50 | E17: [HOLD] Tentative | F17: 7:00-7:50 | G17: U11AA | H17: 7:00-7:50 | I17: U11AA | J17: 7:00-7:50 | K17: U18A | M17: Add (Game) to team for automatic lavender highlight.
B18: 7:30-8:20 | C18: U15AA | D18: 7:00-7:50 | E18: U13AA | F18: 8:00-8:50 | G18: U13AAA | H18: 8:00-8:50 | I18: U13AAA | J18: 8:00-8:50 | K18: U18AA
D19: 8:00-8:50 | E19: U15A
B22: Monday | D22: Tuesday | F22: Wednesday | H22: Thursday | J22: Friday
B23: RECC | D23: RECC | F23: RECC | H23: RECC | J23: RECC
B24: Time | C24: Team | D24: Time | E24: Team | F24: Time | G24: Team | H24: Time | I24: Team | J24: Time | K24: Team
B25: 7:30-8:20 | C25: U13 Campbell | D25: 5:30-6:20 | E25: U11B (Game) | F25: 5:30-6:20 | G25: U18 Masters | H25: 5:00-5:50 | I25: [OPEN] Available | J25: 5:00-5:50 | K25: U11A (Game)
B26: 8:30-9:20 | C26: U15 Campbell | D26: 6:30-7:20 | E26: U13AA | F26: 6:30-7:20 | G26: U18 Wood | H26: 6:00-6:50 | I26: JrA Games | J26: 6:00-6:50 | K26: U13A (Game)
F27: 7:30-8:20 | G27: U13B | H27: 7:00-7:50 | I27: JrA Games | J27: 7:00-7:50 | K27: U18AA (Game)
B31: Monday | D31: Tuesday | F31: Wednesday | H31: Thursday | J31: Friday
B32: Debert | D32: Debert | F32: Debert | H32: Debert | J32: Debert
B33: Time | C33: Team | D33: Time | E33: Team | F33: Time | G33: Team | H33: Time | I33: Team | J33: Time | K33: Team
B34: 5:00-5:50 | C34: U7-5 Blue | D34: 5:00-5:50 | E34: U11 Bernard | F34: 5:00-5:50 | G34: U7-6 | H34: 5:00-5:50 | I34: [HOLD] Tentative | J34: 5:00-5:50 | K34: [OPEN] Available
B35: 6:00-6:50 | C35: U9 John | D35: 6:00-6:50 | E35: U13 Cameron | F35: 6:00-6:50 | G35: U9 Jayasinghe | H35: 6:00-6:50 | I35: TAMHA Development | J35: 6:00-6:50 | K35: [OPEN] Available

Sheet Weekend_Schedule
B3: Saturday | D3: Sunday | G3: Saturday | I3: Sunday
B4: Deuvilles | G4: Stadium
B5: Time | C5: Team | D5: Time | E5: Team | G5: Time | H5: Team | I5: Time | J5: Team
G6: 9:00-9:50 | H6: U11 Bernard | I6: 9:00-9:50 | J6: U11 Simms
G7: 10:00-10:50 | H7: U13 Campbell | I7: 10:00-10:50 | J7: U13 Cameron
G8: 11:00-11:50 | H8: U15 Bernard | I8: 11:00-11:50 | J8: U15 Campbell
G9: 12:00-12:50 | H9: U18 Masters | I9: 12:00-12:50 | J9: U18 Wood
G10: 1:00-1:50 | H10: Officials | I10: 1:00-2:20 | J10: U13AA (Game)
G11: 2:00-2:50 | H11: Officials | I11: 2:30-3:50 | J11: U15A (Game)
G12: 3:00-3:50 | H12: U9 Int | I12: 4:00-5:30 | J12: U13A (Game)
G13: 4:00-4:50 | H13: U9 Adv | I13: 5:30-6:20 | J13: [OPEN] Available
G14: 5:00-5:50 | H14: U11B | I14: 6:30-7:20 | J14: [OPEN] Available
B18: Saturday | D18: Sunday | G18: Saturday | I18: Sunday
B19: RECC | G19: Debert
B20: Time | C20: Team | D20: Time | E20: Team | G20: Time | H20: Team | I20: Time | J20: Team
B21: 8:30-10:00 | C21: [DEAD] Released Ice | D21: 9:00-9:50 | E21: U9 Int
B22: 2:00-3:20 | C22: U11AA (Game) | D22: 10:00-10:50 | E22: U9 Adv
B23: 3:30-4:50 | C23: U13AAA (Game) | D23: 11:00-11:50 | E23: U18AA
B24: 5:00-6:20 | C24: U15AA (Game) | D24: 12:00-12:50 | E24: U11A
B25: 6:30-7:50 | C25: [OPEN] Available | D25: 3:00-3:50 | E25: U11B
B26: 8:00-9:20 | C26: [HOLD] Tentative | D26: 4:00-4:50 | E26: U18A
D27: 5:00-5:50 | E27: U15AA

Sheet Ice_Summary
B1: TAMHA ICE UTILIZATION & TEAM DASHBOARD
B2: Automatic formula aggregation. Updates in real-time as schedule is modified.
B4: Ice Status / Availability | C4: Weekday Slots | D4: Weekend Slots | E4: Total Slots
B5: Open / Available Ice | C5: =COUNTIF(Weekday_Schedule!$C$4:$K$45, "*[OPEN]*") | D5: =COUNTIF(Weekend_Schedule!$C$3:$J$35, "*[OPEN]*") | E5: =SUM(C5:D5)
B6: Tentatively Held Ice | C6: =COUNTIF(Weekday_Schedule!$C$4:$K$45, "*[HOLD]*") | D6: =COUNTIF(Weekend_Schedule!$C$3:$J$35, "*[HOLD]*") | E6: =SUM(C6:D6)
B7: Home Games Scheduled | C7: =COUNTIF(Weekday_Schedule!$C$4:$K$45, "*(Game)*") | D7: =COUNTIF(Weekend_Schedule!$C$3:$J$35, "*(Game)*") | E7: =SUM(C7:D7)
B8: Released / Dead Ice | C8: =COUNTIF(Weekday_Schedule!$C$4:$K$45, "*[DEAD]*") | D8: =COUNTIF(Weekend_Schedule!$C$3:$J$35, "*[DEAD]*") | E8: =SUM(C8:D8)
B9: TAMHA Clinics / Dev | C9: =COUNTIF(Weekday_Schedule!$C$4:$K$45, "*Development*") | D9: =COUNTIF(Weekend_Schedule!$C$3:$J$35, "*Development*") | E9: =SUM(C9:D9)
B10: Arena Conflicts (JrA/Senior) | C10: =COUNTIF(Weekday_Schedule!$C$4:$K$45, "*Games*") | D10: =COUNTIF(Weekend_Schedule!$C$3:$J$35, "*Games*") | E10: =SUM(C10:D10)
B13: Team / User | C13: Division | D13: Weekday Slots | E13: Weekend Slots | F13: Total Slots
B14: U7-4 | C14: U7 | D14: =COUNTIF(Weekday_Schedule!$C$4:$K$45, "U7-4*") | E14: =COUNTIF(Weekend_Schedule!$C$3:$J$35, "U7-4*") | F14: =SUM(D14:E14)
B15: U7-5 Blue | C15: U7 | D15: =COUNTIF(Weekday_Schedule!$C$4:$K$45, "U7-5 Blue*") | E15: =COUNTIF(Weekend_Schedule!$C$3:$J$35, "U7-5 Blue*") | F15: =SUM(D15:E15)
B16: U7-5 Orange | C16: U7 | D16: =COUNTIF(Weekday_Schedule!$C$4:$K$45, "U7-5 Orange*") | E16: =COUNTIF(Weekend_Schedule!$C$3:$J$35, "U7-5 Orange*") | F16: =SUM(D16:E16)
B17: U7-6 | C17: U7 | D17: =COUNTIF(Weekday_Schedule!$C$4:$K$45, "U7-6*") | E17: =COUNTIF(Weekend_Schedule!$C$3:$J$35, "U7-6*") | F17: =SUM(D17:E17)
B18: U9 Int | C18: U9 | D18: =COUNTIF(Weekday_Schedule!$C$4:$K$45, "U9 Int*") | E18: =COUNTIF(Weekend_Schedule!$C$3:$J$35, "U9 Int*") | F18: =SUM(D18:E18)
B19: U9 Adv | C19: U9 | D19: =COUNTIF(Weekday_Schedule!$C$4:$K$45, "U9 Adv*") | E19: =COUNTIF(Weekend_Schedule!$C$3:$J$35, "U9 Adv*") | F19: =SUM(D19:E19)
B20: U9 Jayasinghe | C20: U9 | D20: =COUNTIF(Weekday_Schedule!$C$4:$K$45, "U9 Jayasinghe*") | E20: =COUNTIF(Weekend_Schedule!$C$3:$J$35, "U9 Jayasinghe*") | F20: =SUM(D20:E20)
B21: U9 John | C21: U9 | D21: =COUNTIF(Weekday_Schedule!$C$4:$K$45, "U9 John*") | E21: =COUNTIF(Weekend_Schedule!$C$3:$J$35, "U9 John*") | F21: =SUM(D21:E21)
B22: U11AA | C22: U11 | D22: =COUNTIF(Weekday_Schedule!$C$4:$K$45, "U11AA*") | E22: =COUNTIF(Weekend_Schedule!$C$3:$J$35, "U11AA*") | F22: =SUM(D22:E22)
B23: U11A | C23: U11 | D23: =COUNTIF(Weekday_Schedule!$C$4:$K$45, "U11A*") | E23: =COUNTIF(Weekend_Schedule!$C$3:$J$35, "U11A*") | F23: =SUM(D23:E23)
B24: U11B | C24: U11 | D24: =COUNTIF(Weekday_Schedule!$C$4:$K$45, "U11B*") | E24: =COUNTIF(Weekend_Schedule!$C$3:$J$35, "U11B*") | F24: =SUM(D24:E24)
B25: U11 Bernard | C25: U11 | D25: =COUNTIF(Weekday_Schedule!$C$4:$K$45, "U11 Bernard*") | E25: =COUNTIF(Weekend_Schedule!$C$3:$J$35, "U11 Bernard*") | F25: =SUM(D25:E25)
B26: U11 Simms | C26: U11 | D26: =COUNTIF(Weekday_Schedule!$C$4:$K$45, "U11 Simms*") | E26: =COUNTIF(Weekend_Schedule!$C$3:$J$35, "U11 Simms*") | F26: =SUM(D26:E26)
B27: U13AAA | C27: U13 | D27: =COUNTIF(Weekday_Schedule!$C$4:$K$45, "U13AAA*") | E27: =COUNTIF(Weekend_Schedule!$C$3:$J$35, "U13AAA*") | F27: =SUM(D27:E27)
B28: U13AA | C28: U13 | D28: =COUNTIF(Weekday_Schedule!$C$4:$K$45, "U13AA*") | E28: =COUNTIF(Weekend_Schedule!$C$3:$J$35, "U13AA*") | F28: =SUM(D28:E28)
B29: U13A | C29: U13 | D29: =COUNTIF(Weekday_Schedule!$C$4:$K$45, "U13A*") | E29: =COUNTIF(Weekend_Schedule!$C$3:$J$35, "U13A*") | F29: =SUM(D29:E29)
B30: U13B | C30: U13 | D30: =COUNTIF(Weekday_Schedule!$C$4:$K$45, "U13B*") | E30: =COUNTIF(Weekend_Schedule!$C$3:$J$35, "U13B*") | F30: =SUM(D30:E30)
B31: U13 Campbell | C31: U13 | D31: =COUNTIF(Weekday_Schedule!$C$4:$K$45, "U13 Campbell*") | E31: =COUNTIF(Weekend_Schedule!$C$3:$J$35, "U13 Campbell*") | F31: =SUM(D31:E31)
B32: U13 Cameron | C32: U13 | D32: =COUNTIF(Weekday_Schedule!$C$4:$K$45, "U13 Cameron*") | E32: =COUNTIF(Weekend_Schedule!$C$3:$J$35, "U13 Cameron*") | F32: =SUM(D32:E32)
B33: U15AA | C33: U15 | D33: =COUNTIF(Weekday_Schedule!$C$4:$K$45, "U15AA*") | E33: =COUNTIF(Weekend_Schedule!$C$3:$J$35, "U15AA*") | F33: =SUM(D33:E33)
B34: U15A | C34: U15 | D34: =COUNTIF(Weekday_Schedule!$C$4:$K$45, "U15A*") | E34: =COUNTIF(Weekend_Schedule!$C$3:$J$35, "U15A*") | F34: =SUM(D34:E34)
B35: U15 Bernard | C35: U15 | D35: =COUNTIF(Weekday_Schedule!$C$4:$K$45, "U15 Bernard*") | E35: =COUNTIF(Weekend_Schedule!$C$3:$J$35, "U15 Bernard*") | F35: =SUM(D35:E35)
B36: U15 Campbell | C36: U15 | D36: =COUNTIF(Weekday_Schedule!$C$4:$K$45, "U15 Campbell*") | E36: =COUNTIF(Weekend_Schedule!$C$3:$J$35, "U15 Campbell*") | F36: =SUM(D36:E36)
B37: U18AA | C37: U18 | D37: =COUNTIF(Weekday_Schedule!$C$4:$K$45, "U18AA*") | E37: =COUNTIF(Weekend_Schedule!$C$3:$J$35, "U18AA*") | F37: =SUM(D37:E37)
B38: U18A | C38: U18 | D38: =COUNTIF(Weekday_Schedule!$C$4:$K$45, "U18A*") | E38: =COUNTIF(Weekend_Schedule!$C$3:$J$35, "U18A*") | F38: =SUM(D38:E38)
B39: U18 Masters | C39: U18 | D39: =COUNTIF(Weekday_Schedule!$C$4:$K$45, "U18 Masters*") | E39: =COUNTIF(Weekend_Schedule!$C$3:$J$35, "U18 Masters*") | F39: =SUM(D39:E39)
B40: U18 Wood | C40: U18 | D40: =COUNTIF(Weekday_Schedule!$C$4:$K$45, "U18 Wood*") | E40: =COUNTIF(Weekend_Schedule!$C$3:$J$35, "U18 Wood*") | F40: =SUM(D40:E40)
