Workbook

Sheet Week_1_Oct_05_11
B1: TRURO AREA MINOR HOCKEY ASSOCIATION
B2: Master Ice Schedule — Week 1: October 5 - 11, 2026 (Shared Public View)
B4: TIME | C4: Colchester Legion Stadium | D4: Deuville's Rink | E4: RECC | F4: West Colchester (Debert)
B5: 16:00 - 17:00 | D5: U13A
B6: 16:30 - 17:30 | E6: U11AA
B7: 17:00 - 18:00 | C7: U13A | D7: U11AA | F7: U11C Bernard
B8: 17:30 - 18:30 | E8: U13A (Skills)
B9: 18:00 - 19:00 | C9: U11C Bernard
B10: 18:00 - 19:30 | D10: U15AA
B11: 18:30 - 20:00 | E11: U15AA
B12: 19:30 - 20:30 | D12: [OPEN]
B13: Saturday 16:30 - 17:50 | C13: U13AA (Game)
B14: Sunday 12:00 - 13:00 | C14: [OPEN]

Sheet Week_2_Oct_12_18
B1: TRURO AREA MINOR HOCKEY ASSOCIATION
B2: Master Ice Schedule — Week 2: October 12 - 18, 2026 (Shared Public View)
B4: TIME | C4: Colchester Legion Stadium | D4: Deuville's Rink | E4: RECC | F4: West Colchester (Debert)
B5: 16:00 - 17:00 | D5: U13A
B6: 16:30 - 17:30 | E6: U11AA
B7: 17:00 - 18:00 | C7: U13A | D7: U11AA | F7: U11C Bernard
B8: 17:30 - 18:30 | E8: U13A (Skills)
B9: 18:00 - 19:00 | C9: U11C Bernard
B10: 18:00 - 19:30 | D10: U15AA
B11: 18:30 - 20:00 | E11: U15AA
B12: 19:30 - 20:30 | D12: [OPEN]
B13: Saturday 16:30 - 17:50 | C13: U13AA (Game)
B14: Sunday 12:00 - 13:00 | C14: [OPEN]

Sheet Teams_and_Divisions
B1: TAMHA TEAMS & DIVISIONS MASTER DIRECTORY
B2: Standardized canonical names across all divisions (2026-2027 Season)
B4: Division | C4: Team Name | D4: Category | E4: Target Quota (Hrs)
B5: U7 | C5: U7 Initiation (Shared) | D5: Development | E5: 30
B6: U9 | C6: U9 Development (Shared) | D6: Development | E6: 35
B7: U11 | C7: U11AAA | D7: Competitive | E7: 55
B8: U11 | C8: U11AA | D8: Competitive | E8: 50
B9: U11 | C9: U11A | D9: Competitive | E9: 45
B10: U11 | C10: U11B | D10: Competitive | E10: 40
B11: U11 | C11: U11C Bernard | D11: Recreation | E11: 35
B12: U11 | C12: U11C Team 2 | D12: Recreation | E12: 35
B13: U11 | C13: U11C Team 3 | D13: Recreation | E13: 35
B14: U13 | C14: U13AAA | D14: Competitive | E14: 60
B15: U13 | C15: U13AA | D15: Competitive | E15: 55
B16: U13 | C16: U13A | D16: Competitive | E16: 50
... B28: U18 | C28: U18C Team 2 | D28: Recreation | E28: 35

Sheet Manager_GrayJay_Export
A1: TEAM MANAGER GRAYJAY PRACTICE EXPORTER & VIEWER | B1: TEAM MANAGER GRAYJAY PRACTICE IMPORT EXTRACTOR
A2: Select your team in C4. Use the recommended 1-click web tool or the manual fallback below. | B2: Columns C through I match GrayJay's official Practice Import Template (Worksheet tab) 1-to-1.
A3: 🚀 RECOMMENDED (1-Click Exporter): Visit https://hockey.redmond.link/exporter.html to download your official GrayJay .xlsx file with zero manual typing!
B4: Select Team: | C4: U13A | E4: Total Assigned Practices: | F4: =COUNTIF(Schedule_Slots_Data!$L$2:$L$50, C4) | H4: How to Import into GrayJay: | I4: Highlight cells C7 to I10 -> Copy (Ctrl+C) -> Open GrayJay Template -> Paste in A2 -> Save & Upload!
B6: Slot # | C6: Event Title | D6: League + Team | E6: Date (YYYY-MM-DD) | F6: Start Time (HH:MM PM) | G6: End Time (HH:MM PM) | H6: Venue | I6: Full Ice / Half Ice | J6: Duration (Min) | K6: Notes / Instructions | L6: Pre-Formatted GrayJay CSV Line
B7: 1 | C7: =IFERROR(INDEX(Schedule_Slots_Data!$N$2:$N$50, MATCH(1, Schedule_Slots_Data!$Q$2:$Q$50, 0)), "") | D7: =IF(C7="","", $C$4) | E7: =IFERROR(INDEX(Schedule_Slots_Data!$D$2:$D$50, MATCH(1, Schedule_Slots_Data!$Q$2:$Q$50, 0)), "") | F7: =IFERROR(INDEX(Schedule_Slots_Data!$F$2:$F$50, MATCH(1, Schedule_Slots_Data!$Q$2:$Q$50, 0)), "") | G7: =IFERROR(INDEX(Schedule_Slots_Data!$G$2:$G$50, MATCH(1, Schedule_Slots_Data!$Q$2:$Q$50, 0)), "") | H7: =IFERROR(INDEX(Schedule_Slots_Data!$K$2:$K$50, MATCH(1, Schedule_Slots_Data!$Q$2:$Q$50, 0)), "") | I7: =IFERROR(INDEX(Schedule_Slots_Data!$O$2:$O$50, MATCH(1, Schedule_Slots_Data!$Q$2:$Q$50, 0)), "") | J7: =IFERROR(INDEX(Schedule_Slots_Data!$H$2:$H$50, MATCH(1, Schedule_Slots_Data!$Q$2:$Q$50, 0)), "") | K7: =IFERROR(INDEX(Schedule_Slots_Data!$P$2:$P$50, MATCH(1, Schedule_Slots_Data!$Q$2:$Q$50, 0)), "") | L7: =IF(C7="","", C7 & "," & D7 & "," & E7 & "," & F7 & "," & G7 & ",""" & H7 & """," & I7)
B8: 2 | C8: =IFERROR(INDEX(Schedule_Slots_Data!$N$2:$N$50, MATCH(2, Schedule_Slots_Data!$Q$2:$Q$50, 0)), "") | D8: =IF(C8="","", $C$4) | E8: =IFERROR(INDEX(Schedule_Slots_Data!$D$2:$D$50, MATCH(2, Schedule_Slots_Data!$Q$2:$Q$50, 0)), "") | F8: =IFERROR(INDEX(Schedule_Slots_Data!$F$2:$F$50, MATCH(2, Schedule_Slots_Data!$Q$2:$Q$50, 0)), "") | G8: =IFERROR(INDEX(Schedule_Slots_Data!$G$2:$G$50, MATCH(2, Schedule_Slots_Data!$Q$2:$Q$50, 0)), "") | H8: =IFERROR(INDEX(Schedule_Slots_Data!$K$2:$K$50, MATCH(2, Schedule_Slots_Data!$Q$2:$Q$50, 0)), "") | I8: =IFERROR(INDEX(Schedule_Slots_Data!$O$2:$O$50, MATCH(2, Schedule_Slots_Data!$Q$2:$Q$50, 0)), "") | J8: =IFERROR(INDEX(Schedule_Slots_Data!$H$2:$H$50, MATCH(2, Schedule_Slots_Data!$Q$2:$Q$50, 0)), "") | K8: =IFERROR(INDEX(Schedule_Slots_Data!$P$2:$P$50, MATCH(2, Schedule_Slots_Data!$Q$2:$Q$50, 0)), "") | L8: =IF(C8="","", C8 & "," & D8 & "," & E8 & "," & F8 & "," & G8 & ",""" & H8 & """," & I8)
B9: 3 | C9: =IFERROR(INDEX(Schedule_Slots_Data!$N$2:$N$50, MATCH(3, Schedule_Slots_Data!$Q$2:$Q$50, 0)), "") | D9: =IF(C9="","", $C$4) | E9: =IFERROR(INDEX(Schedule_Slots_Data!$D$2:$D$50, MATCH(3, Schedule_Slots_Data!$Q$2:$Q$50, 0)), "") | F9: =IFERROR(INDEX(Schedule_Slots_Data!$F$2:$F$50, MATCH(3, Schedule_Slots_Data!$Q$2:$Q$50, 0)), "") | G9: =IFERROR(INDEX(Schedule_Slots_Data!$G$2:$G$50, MATCH(3, Schedule_Slots_Data!$Q$2:$Q$50, 0)), "") | H9: =IFERROR(INDEX(Schedule_Slots_Data!$K$2:$K$50, MATCH(3, Schedule_Slots_Data!$Q$2:$Q$50, 0)), "") | I9: =IFERROR(INDEX(Schedule_Slots_Data!$O$2:$O$50, MATCH(3, Schedule_Slots_Data!$Q$2:$Q$50, 0)), "") | J9: =IFERROR(INDEX(Schedule_Slots_Data!$H$2:$H$50, MATCH(3, Schedule_Slots_Data!$Q$2:$Q$50, 0)), "") | K9: =IFERROR(INDEX(Schedule_Slots_Data!$P$2:$P$50, MATCH(3, Schedule_Slots_Data!$Q$2:$Q$50, 0)), "") | L9: =IF(C9="","", C9 & "," & D9 & "," & E9 & "," & F9 & "," & G9 & ",""" & H9 & """," & I9)
B10: 4 | C10: =IFERROR(INDEX(Schedule_Slots_Data!$N$2:$N$50, MATCH(4, Schedule_Slots_Data!$Q$2:$Q$50, 0)), "") | D10: =IF(C10="","", $C$4) | E10: =IFERROR(INDEX(Schedule_Slots_Data!$D$2:$D$50, MATCH(4, Schedule_Slots_Data!$Q$2:$Q$50, 0)), "") | F10: =IFERROR(INDEX(Schedule_Slots_Data!$F$2:$F$50, MATCH(4, Schedule_Slots_Data!$Q$2:$Q$50, 0)), "") | G10: =IFERROR(INDEX(Schedule_Slots_Data!$G$2:$G$50, MATCH(4, Schedule_Slots_Data!$Q$2:$Q$50, 0)), "") | H10: =IFERROR(INDEX(Schedule_Slots_Data!$K$2:$K$50, MATCH(4, Schedule_Slots_Data!$Q$2:$Q$50, 0)), "") | I10: =IFERROR(INDEX(Schedule_Slots_Data!$O$2:$O$50, MATCH(4, Schedule_Slots_Data!$Q$2:$Q$50, 0)), "") | J10: =IFERROR(INDEX(Schedule_Slots_Data!$H$2:$H$50, MATCH(4, Schedule_Slots_Data!$Q$2:$Q$50, 0)), "") | K10: =IFERROR(INDEX(Schedule_Slots_Data!$P$2:$P$50, MATCH(4, Schedule_Slots_Data!$Q$2:$Q$50, 0)), "") | L10: =IF(C10="","", C10 & "," & D10 & "," & E10 & "," & F10 & "," & G10 & ",""" & H10 & """," & I10)
B11: 5 | C11: =IFERROR(INDEX(Schedule_Slots_Data!$N$2:$N$50, MATCH(5, Schedule_Slots_Data!$Q$2:$Q$50, 0)), "") | D11: =IF(C11="","", $C$4) | E11: =IFERROR(INDEX(Schedule_Slots_Data!$D$2:$D$50, MATCH(5, Schedule_Slots_Data!$Q$2:$Q$50, 0)), "") | F11: =IFERROR(INDEX(Schedule_Slots_Data!$F$2:$F$50, MATCH(5, Schedule_Slots_Data!$Q$2:$Q$50, 0)), "") | G11: =IFERROR(INDEX(Schedule_Slots_Data!$G$2:$G$50, MATCH(5, Schedule_Slots_Data!$Q$2:$Q$50, 0)), "") | H11: =IFERROR(INDEX(Schedule_Slots_Data!$K$2:$K$50, MATCH(5, Schedule_Slots_Data!$Q$2:$Q$50, 0)), "") | I11: =IFERROR(INDEX(Schedule_Slots_Data!$O$2:$O$50, MATCH(5, Schedule_Slots_Data!$Q$2:$Q$50, 0)), "") | J11: =IFERROR(INDEX(Schedule_Slots_Data!$H$2:$H$50, MATCH(5, Schedule_Slots_Data!$Q$2:$Q$50, 0)), "") | K11: =IFERROR(INDEX(Schedule_Slots_Data!$P$2:$P$50, MATCH(5, Schedule_Slots_Data!$Q$2:$Q$50, 0)), "") | L11: =IF(C11="","", C11 & "," & D11 & "," & E11 & "," & F11 & "," & G11 & ",""" & H11 & """," & I11)
B12: 6 | C12: =IFERROR(INDEX(Schedule_Slots_Data!$N$2:$N$50, MATCH(6, Schedule_Slots_Data!$Q$2:$Q$50, 0)), "") | D12: =IF(C12="","", $C$4) | E12: =IFERROR(INDEX(Schedule_Slots_Data!$D$2:$D$50, MATCH(6, Schedule_Slots_Data!$Q$2:$Q$50, 0)), "") | F12: =IFERROR(INDEX(Schedule_Slots_Data!$F$2:$F$50, MATCH(6, Schedule_Slots_Data!$Q$2:$Q$50, 0)), "") | G12: =IFERROR(INDEX(Schedule_Slots_Data!$G$2:$G$50, MATCH(6, Schedule_Slots_Data!$Q$2:$Q$50, 0)), "") | H12: =IFERROR(INDEX(Schedule_Slots_Data!$K$2:$K$50, MATCH(6, Schedule_Slots_Data!$Q$2:$Q$50, 0)), "") | I12: =IFERROR(INDEX(Schedule_Slots_Data!$O$2:$O$50, MATCH(6, Schedule_Slots_Data!$Q$2:$Q$50, 0)), "") | J12: =IFERROR(INDEX(Schedule_Slots_Data!$H$2:$H$50, MATCH(6, Schedule_Slots_Data!$Q$2:$Q$50, 0)), "") | K12: =IFERROR(INDEX(Schedule_Slots_Data!$P$2:$P$50, MATCH(6, Schedule_Slots_Data!$Q$2:$Q$50, 0)), "") | L12: =IF(C12="","", C12 & "," & D12 & "," & E12 & "," & F12 & "," & G12 & ",""" & H12 & """," & I12)
B13: 7 | C13: =IFERROR(INDEX(Schedule_Slots_Data!$N$2:$N$50, MATCH(7, Schedule_Slots_Data!$Q$2:$Q$50, 0)), "") | D13: =IF(C13="","", $C$4) | E13: =IFERROR(INDEX(Schedule_Slots_Data!$D$2:$D$50, MATCH(7, Schedule_Slots_Data!$Q$2:$Q$50, 0)), "") | F13: =IFERROR(INDEX(Schedule_Slots_Data!$F$2:$F$50, MATCH(7, Schedule_Slots_Data!$Q$2:$Q$50, 0)), "") | G13: =IFERROR(INDEX(Schedule_Slots_Data!$G$2:$G$50, MATCH(7, Schedule_Slots_Data!$Q$2:$Q$50, 0)), "") | H13: =IFERROR(INDEX(Schedule_Slots_Data!$K$2:$K$50, MATCH(7, Schedule_Slots_Data!$Q$2:$Q$50, 0)), "") | I13: =IFERROR(INDEX(Schedule_Slots_Data!$O$2:$O$50, MATCH(7, Schedule_Slots_Data!$Q$2:$Q$50, 0)), "") | J13: =IFERROR(INDEX(Schedule_Slots_Data!$H$2:$H$50, MATCH(7, Schedule_Slots_Data!$Q$2:$Q$50, 0)), "") | K13: =IFERROR(INDEX(Schedule_Slots_Data!$P$2:$P$50, MATCH(7, Schedule_Slots_Data!$Q$2:$Q$50, 0)), "") | L13: =IF(C13="","", C13 & "," & D13 & "," & E13 & "," & F13 & "," & G13 & ",""" & H13 & """," & I13)
B14: 8 | C14: =IFERROR(INDEX(Schedule_Slots_Data!$N$2:$N$50, MATCH(8, Schedule_Slots_Data!$Q$2:$Q$50, 0)), "") | D14: =IF(C14="","", $C$4) | E14: =IFERROR(INDEX(Schedule_Slots_Data!$D$2:$D$50, MATCH(8, Schedule_Slots_Data!$Q$2:$Q$50, 0)), "") | F14: =IFERROR(INDEX(Schedule_Slots_Data!$F$2:$F$50, MATCH(8, Schedule_Slots_Data!$Q$2:$Q$50, 0)), "") | G14: =IFERROR(INDEX(Schedule_Slots_Data!$G$2:$G$50, MATCH(8, Schedule_Slots_Data!$Q$2:$Q$50, 0)), "") | H14: =IFERROR(INDEX(Schedule_Slots_Data!$K$2:$K$50, MATCH(8, Schedule_Slots_Data!$Q$2:$Q$50, 0)), "") | I14: =IFERROR(INDEX(Schedule_Slots_Data!$O$2:$O$50, MATCH(8, Schedule_Slots_Data!$Q$2:$Q$50, 0)), "") | J14: =IFERROR(INDEX(Schedule_Slots_Data!$H$2:$H$50, MATCH(8, Schedule_Slots_Data!$Q$2:$Q$50, 0)), "") | K14: =IFERROR(INDEX(Schedule_Slots_Data!$P$2:$P$50, MATCH(8, Schedule_Slots_Data!$Q$2:$Q$50, 0)), "") | L14: =IF(C14="","", C14 & "," & D14 & "," & E14 & "," & F14 & "," & G14 & ",""" & H14 & """," & I14)
B15: 9 | C15: =IFERROR(INDEX(Schedule_Slots_Data!$N$2:$N$50, MATCH(9, Schedule_Slots_Data!$Q$2:$Q$50, 0)), "") | D15: =IF(C15="","", $C$4) | E15: =IFERROR(INDEX(Schedule_Slots_Data!$D$2:$D$50, MATCH(9, Schedule_Slots_Data!$Q$2:$Q$50, 0)), "") | F15: =IFERROR(INDEX(Schedule_Slots_Data!$F$2:$F$50, MATCH(9, Schedule_Slots_Data!$Q$2:$Q$50, 0)), "") | G15: =IFERROR(INDEX(Schedule_Slots_Data!$G$2:$G$50, MATCH(9, Schedule_Slots_Data!$Q$2:$Q$50, 0)), "") | H15: =IFERROR(INDEX(Schedule_Slots_Data!$K$2:$K$50, MATCH(9, Schedule_Slots_Data!$Q$2:$Q$50, 0)), "") | I15: =IFERROR(INDEX(Schedule_Slots_Data!$O$2:$O$50, MATCH(9, Schedule_Slots_Data!$Q$2:$Q$50, 0)), "") | J15: =IFERROR(INDEX(Schedule_Slots_Data!$H$2:$H$50, MATCH(9, Schedule_Slots_Data!$Q$2:$Q$50, 0)), "") | K15: =IFERROR(INDEX(Schedule_Slots_Data!$P$2:$P$50, MATCH(9, Schedule_Slots_Data!$Q$2:$Q$50, 0)), "") | L15: =IF(C15="","", C15 & "," & D15 & "," & E15 & "," & F15 & "," & G15 & ",""" & H15 & """," & I15)
B16: 10 | C16: =IFERROR(INDEX(Schedule_Slots_Data!$N$2:$N$50, MATCH(10, Schedule_Slots_Data!$Q$2:$Q$50, 0)), "") | D16: =IF(C16="","", $C$4) | E16: =IFERROR(INDEX(Schedule_Slots_Data!$D$2:$D$50, MATCH(10, Schedule_Slots_Data!$Q$2:$Q$50, 0)), "") | F16: =IFERROR(INDEX(Schedule_Slots_Data!$F$2:$F$50, MATCH(10, Schedule_Slots_Data!$Q$2:$Q$50, 0)), "") | G16: =IFERROR(INDEX(Schedule_Slots_Data!$G$2:$G$50, MATCH(10, Schedule_Slots_Data!$Q$2:$Q$50, 0)), "") | H16: =IFERROR(INDEX(Schedule_Slots_Data!$K$2:$K$50, MATCH(10, Schedule_Slots_Data!$Q$2:$Q$50, 0)), "") | I16: =IFERROR(INDEX(Schedule_Slots_Data!$O$2:$O$50, MATCH(10, Schedule_Slots_Data!$Q$2:$Q$50, 0)), "") | J16: =IFERROR(INDEX(Schedule_Slots_Data!$H$2:$H$50, MATCH(10, Schedule_Slots_Data!$Q$2:$Q$50, 0)), "") | K16: =IFERROR(INDEX(Schedule_Slots_Data!$P$2:$P$50, MATCH(10, Schedule_Slots_Data!$Q$2:$Q$50, 0)), "") | L16: =IF(C16="","", C16 & "," & D16 & "," & E16 & "," & F16 & "," & G16 & ",""" & H16 & """," & I16)
B17: 11 | C17: =IFERROR(INDEX(Schedule_Slots_Data!$N$2:$N$50, MATCH(11, Schedule_Slots_Data!$Q$2:$Q$50, 0)), "") | D17: =IF(C17="","", $C$4) | E17: =IFERROR(INDEX(Schedule_Slots_Data!$D$2:$D$50, MATCH(11, Schedule_Slots_Data!$Q$2:$Q$50, 0)), "") | F17: =IFERROR(INDEX(Schedule_Slots_Data!$F$2:$F$50, MATCH(11, Schedule_Slots_Data!$Q$2:$Q$50, 0)), "") | G17: =IFERROR(INDEX(Schedule_Slots_Data!$G$2:$G$50, MATCH(11, Schedule_Slots_Data!$Q$2:$Q$50, 0)), "") | H17: =IFERROR(INDEX(Schedule_Slots_Data!$K$2:$K$50, MATCH(11, Schedule_Slots_Data!$Q$2:$Q$50, 0)), "") | I17: =IFERROR(INDEX(Schedule_Slots_Data!$O$2:$O$50, MATCH(11, Schedule_Slots_Data!$Q$2:$Q$50, 0)), "") | J17: =IFERROR(INDEX(Schedule_Slots_Data!$H$2:$H$50, MATCH(11, Schedule_Slots_Data!$Q$2:$Q$50, 0)), "") | K17: =IFERROR(INDEX(Schedule_Slots_Data!$P$2:$P$50, MATCH(11, Schedule_Slots_Data!$Q$2:$Q$50, 0)), "") | L17: =IF(C17="","", C17 & "," & D17 & "," & E17 & "," & F17 & "," & G17 & ",""" & H17 & """," & I17)
B18: 12 | C18: =IFERROR(INDEX(Schedule_Slots_Data!$N$2:$N$50, MATCH(12, Schedule_Slots_Data!$Q$2:$Q$50, 0)), "") | D18: =IF(C18="","", $C$4) | E18: =IFERROR(INDEX(Schedule_Slots_Data!$D$2:$D$50, MATCH(12, Schedule_Slots_Data!$Q$2:$Q$50, 0)), "") | F18: =IFERROR(INDEX(Schedule_Slots_Data!$F$2:$F$50, MATCH(12, Schedule_Slots_Data!$Q$2:$Q$50, 0)), "") | G18: =IFERROR(INDEX(Schedule_Slots_Data!$G$2:$G$50, MATCH(12, Schedule_Slots_Data!$Q$2:$Q$50, 0)), "") | H18: =IFERROR(INDEX(Schedule_Slots_Data!$K$2:$K$50, MATCH(12, Schedule_Slots_Data!$Q$2:$Q$50, 0)), "") | I18: =IFERROR(INDEX(Schedule_Slots_Data!$O$2:$O$50, MATCH(12, Schedule_Slots_Data!$Q$2:$Q$50, 0)), "") | J18: =IFERROR(INDEX(Schedule_Slots_Data!$H$2:$H$50, MATCH(12, Schedule_Slots_Data!$Q$2:$Q$50, 0)), "") | K18: =IFERROR(INDEX(Schedule_Slots_Data!$P$2:$P$50, MATCH(12, Schedule_Slots_Data!$Q$2:$Q$50, 0)), "") | L18: =IF(C18="","", C18 & "," & D18 & "," & E18 & "," & F18 & "," & G18 & ",""" & H18 & """," & I18)
B19: 13 | C19: =IFERROR(INDEX(Schedule_Slots_Data!$N$2:$N$50, MATCH(13, Schedule_Slots_Data!$Q$2:$Q$50, 0)), "") | D19: =IF(C19="","", $C$4) | E19: =IFERROR(INDEX(Schedule_Slots_Data!$D$2:$D$50, MATCH(13, Schedule_Slots_Data!$Q$2:$Q$50, 0)), "") | F19: =IFERROR(INDEX(Schedule_Slots_Data!$F$2:$F$50, MATCH(13, Schedule_Slots_Data!$Q$2:$Q$50, 0)), "") | G19: =IFERROR(INDEX(Schedule_Slots_Data!$G$2:$G$50, MATCH(13, Schedule_Slots_Data!$Q$2:$Q$50, 0)), "") | H19: =IFERROR(INDEX(Schedule_Slots_Data!$K$2:$K$50, MATCH(13, Schedule_Slots_Data!$Q$2:$Q$50, 0)), "") | I19: =IFERROR(INDEX(Schedule_Slots_Data!$O$2:$O$50, MATCH(13, Schedule_Slots_Data!$Q$2:$Q$50, 0)), "") | J19: =IFERROR(INDEX(Schedule_Slots_Data!$H$2:$H$50, MATCH(13, Schedule_Slots_Data!$Q$2:$Q$50, 0)), "") | K19: =IFERROR(INDEX(Schedule_Slots_Data!$P$2:$P$50, MATCH(13, Schedule_Slots_Data!$Q$2:$Q$50, 0)), "") | L19: =IF(C19="","", C19 & "," & D19 & "," & E19 & "," & F19 & "," & G19 & ",""" & H19 & """," & I19)
B20: 14 | C20: =IFERROR(INDEX(Schedule_Slots_Data!$N$2:$N$50, MATCH(14, Schedule_Slots_Data!$Q$2:$Q$50, 0)), "") | D20: =IF(C20="","", $C$4) | E20: =IFERROR(INDEX(Schedule_Slots_Data!$D$2:$D$50, MATCH(14, Schedule_Slots_Data!$Q$2:$Q$50, 0)), "") | F20: =IFERROR(INDEX(Schedule_Slots_Data!$F$2:$F$50, MATCH(14, Schedule_Slots_Data!$Q$2:$Q$50, 0)), "") | G20: =IFERROR(INDEX(Schedule_Slots_Data!$G$2:$G$50, MATCH(14, Schedule_Slots_Data!$Q$2:$Q$50, 0)), "") | H20: =IFERROR(INDEX(Schedule_Slots_Data!$K$2:$K$50, MATCH(14, Schedule_Slots_Data!$Q$2:$Q$50, 0)), "") | I20: =IFERROR(INDEX(Schedule_Slots_Data!$O$2:$O$50, MATCH(14, Schedule_Slots_Data!$Q$2:$Q$50, 0)), "") | J20: =IFERROR(INDEX(Schedule_Slots_Data!$H$2:$H$50, MATCH(14, Schedule_Slots_Data!$Q$2:$Q$50, 0)), "") | K20: =IFERROR(INDEX(Schedule_Slots_Data!$P$2:$P$50, MATCH(14, Schedule_Slots_Data!$Q$2:$Q$50, 0)), "") | L20: =IF(C20="","", C20 & "," & D20 & "," & E20 & "," & F20 & "," & G20 & ",""" & H20 & """," & I20)
B21: 15 | C21: =IFERROR(INDEX(Schedule_Slots_Data!$N$2:$N$50, MATCH(15, Schedule_Slots_Data!$Q$2:$Q$50, 0)), "") | D21: =IF(C21="","", $C$4) | E21: =IFERROR(INDEX(Schedule_Slots_Data!$D$2:$D$50, MATCH(15, Schedule_Slots_Data!$Q$2:$Q$50, 0)), "") | F21: =IFERROR(INDEX(Schedule_Slots_Data!$F$2:$F$50, MATCH(15, Schedule_Slots_Data!$Q$2:$Q$50, 0)), "") | G21: =IFERROR(INDEX(Schedule_Slots_Data!$G$2:$G$50, MATCH(15, Schedule_Slots_Data!$Q$2:$Q$50, 0)), "") | H21: =IFERROR(INDEX(Schedule_Slots_Data!$K$2:$K$50, MATCH(15, Schedule_Slots_Data!$Q$2:$Q$50, 0)), "") | I21: =IFERROR(INDEX(Schedule_Slots_Data!$O$2:$O$50, MATCH(15, Schedule_Slots_Data!$Q$2:$Q$50, 0)), "") | J21: =IFERROR(INDEX(Schedule_Slots_Data!$H$2:$H$50, MATCH(15, Schedule_Slots_Data!$Q$2:$Q$50, 0)), "") | K21: =IFERROR(INDEX(Schedule_Slots_Data!$P$2:$P$50, MATCH(15, Schedule_Slots_Data!$Q$2:$Q$50, 0)), "") | L21: =IF(C21="","", C21 & "," & D21 & "," & E21 & "," & F21 & "," & G21 & ",""" & H21 & """," & I21)
B22: 16 | C22: =IFERROR(INDEX(Schedule_Slots_Data!$N$2:$N$50, MATCH(16, Schedule_Slots_Data!$Q$2:$Q$50, 0)), "") | D22: =IF(C22="","", $C$4) | E22: =IFERROR(INDEX(Schedule_Slots_Data!$D$2:$D$50, MATCH(16, Schedule_Slots_Data!$Q$2:$Q$50, 0)), "") | F22: =IFERROR(INDEX(Schedule_Slots_Data!$F$2:$F$50, MATCH(16, Schedule_Slots_Data!$Q$2:$Q$50, 0)), "") | G22: =IFERROR(INDEX(Schedule_Slots_Data!$G$2:$G$50, MATCH(16, Schedule_Slots_Data!$Q$2:$Q$50, 0)), "") | H22: =IFERROR(INDEX(Schedule_Slots_Data!$K$2:$K$50, MATCH(16, Schedule_Slots_Data!$Q$2:$Q$50, 0)), "") | I22: =IFERROR(INDEX(Schedule_Slots_Data!$O$2:$O$50, MATCH(16, Schedule_Slots_Data!$Q$2:$Q$50, 0)), "") | J22: =IFERROR(INDEX(Schedule_Slots_Data!$H$2:$H$50, MATCH(16, Schedule_Slots_Data!$Q$2:$Q$50, 0)), "") | K22: =IFERROR(INDEX(Schedule_Slots_Data!$P$2:$P$50, MATCH(16, Schedule_Slots_Data!$Q$2:$Q$50, 0)), "") | L22: =IF(C22="","", C22 & "," & D22 & "," & E22 & "," & F22 & "," & G22 & ",""" & H22 & """," & I22)
B23: 17 | C23: =IFERROR(INDEX(Schedule_Slots_Data!$N$2:$N$50, MATCH(17, Schedule_Slots_Data!$Q$2:$Q$50, 0)), "") | D23: =IF(C23="","", $C$4) | E23: =IFERROR(INDEX(Schedule_Slots_Data!$D$2:$D$50, MATCH(17, Schedule_Slots_Data!$Q$2:$Q$50, 0)), "") | F23: =IFERROR(INDEX(Schedule_Slots_Data!$F$2:$F$50, MATCH(17, Schedule_Slots_Data!$Q$2:$Q$50, 0)), "") | G23: =IFERROR(INDEX(Schedule_Slots_Data!$G$2:$G$50, MATCH(17, Schedule_Slots_Data!$Q$2:$Q$50, 0)), "") | H23: =IFERROR(INDEX(Schedule_Slots_Data!$K$2:$K$50, MATCH(17, Schedule_Slots_Data!$Q$2:$Q$50, 0)), "") | I23: =IFERROR(INDEX(Schedule_Slots_Data!$O$2:$O$50, MATCH(17, Schedule_Slots_Data!$Q$2:$Q$50, 0)), "") | J23: =IFERROR(INDEX(Schedule_Slots_Data!$H$2:$H$50, MATCH(17, Schedule_Slots_Data!$Q$2:$Q$50, 0)), "") | K23: =IFERROR(INDEX(Schedule_Slots_Data!$P$2:$P$50, MATCH(17, Schedule_Slots_Data!$Q$2:$Q$50, 0)), "") | L23: =IF(C23="","", C23 & "," & D23 & "," & E23 & "," & F23 & "," & G23 & ",""" & H23 & """," & I23)
B24: 18 | C24: =IFERROR(INDEX(Schedule_Slots_Data!$N$2:$N$50, MATCH(18, Schedule_Slots_Data!$Q$2:$Q$50, 0)), "") | D24: =IF(C24="","", $C$4) | E24: =IFERROR(INDEX(Schedule_Slots_Data!$D$2:$D$50, MATCH(18, Schedule_Slots_Data!$Q$2:$Q$50, 0)), "") | F24: =IFERROR(INDEX(Schedule_Slots_Data!$F$2:$F$50, MATCH(18, Schedule_Slots_Data!$Q$2:$Q$50, 0)), "") | G24: =IFERROR(INDEX(Schedule_Slots_Data!$G$2:$G$50, MATCH(18, Schedule_Slots_Data!$Q$2:$Q$50, 0)), "") | H24: =IFERROR(INDEX(Schedule_Slots_Data!$K$2:$K$50, MATCH(18, Schedule_Slots_Data!$Q$2:$Q$50, 0)), "") | I24: =IFERROR(INDEX(Schedule_Slots_Data!$O$2:$O$50, MATCH(18, Schedule_Slots_Data!$Q$2:$Q$50, 0)), "") | J24: =IFERROR(INDEX(Schedule_Slots_Data!$H$2:$H$50, MATCH(18, Schedule_Slots_Data!$Q$2:$Q$50, 0)), "") | K24: =IFERROR(INDEX(Schedule_Slots_Data!$P$2:$P$50, MATCH(18, Schedule_Slots_Data!$Q$2:$Q$50, 0)), "") | L24: =IF(C24="","", C24 & "," & D24 & "," & E24 & "," & F24 & "," & G24 & ",""" & H24 & """," & I24)
B25: 19 | C25: =IFERROR(INDEX(Schedule_Slots_Data!$N$2:$N$50, MATCH(19, Schedule_Slots_Data!$Q$2:$Q$50, 0)), "") | D25: =IF(C25="","", $C$4) | E25: =IFERROR(INDEX(Schedule_Slots_Data!$D$2:$D$50, MATCH(19, Schedule_Slots_Data!$Q$2:$Q$50, 0)), "") | F25: =IFERROR(INDEX(Schedule_Slots_Data!$F$2:$F$50, MATCH(19, Schedule_Slots_Data!$Q$2:$Q$50, 0)), "") | G25: =IFERROR(INDEX(Schedule_Slots_Data!$G$2:$G$50, MATCH(19, Schedule_Slots_Data!$Q$2:$Q$50, 0)), "") | H25: =IFERROR(INDEX(Schedule_Slots_Data!$K$2:$K$50, MATCH(19, Schedule_Slots_Data!$Q$2:$Q$50, 0)), "") | I25: =IFERROR(INDEX(Schedule_Slots_Data!$O$2:$O$50, MATCH(19, Schedule_Slots_Data!$Q$2:$Q$50, 0)), "") | J25: =IFERROR(INDEX(Schedule_Slots_Data!$H$2:$H$50, MATCH(19, Schedule_Slots_Data!$Q$2:$Q$50, 0)), "") | K25: =IFERROR(INDEX(Schedule_Slots_Data!$P$2:$P$50, MATCH(19, Schedule_Slots_Data!$Q$2:$Q$50, 0)), "") | L25: =IF(C25="","", C25 & "," & D25 & "," & E25 & "," & F25 & "," & G25 & ",""" & H25 & """," & I25)
B26: 20 | C26: =IFERROR(INDEX(Schedule_Slots_Data!$N$2:$N$50, MATCH(20, Schedule_Slots_Data!$Q$2:$Q$50, 0)), "") | D26: =IF(C26="","", $C$4) | E26: =IFERROR(INDEX(Schedule_Slots_Data!$D$2:$D$50, MATCH(20, Schedule_Slots_Data!$Q$2:$Q$50, 0)), "") | F26: =IFERROR(INDEX(Schedule_Slots_Data!$F$2:$F$50, MATCH(20, Schedule_Slots_Data!$Q$2:$Q$50, 0)), "") | G26: =IFERROR(INDEX(Schedule_Slots_Data!$G$2:$G$50, MATCH(20, Schedule_Slots_Data!$Q$2:$Q$50, 0)), "") | H26: =IFERROR(INDEX(Schedule_Slots_Data!$K$2:$K$50, MATCH(20, Schedule_Slots_Data!$Q$2:$Q$50, 0)), "") | I26: =IFERROR(INDEX(Schedule_Slots_Data!$O$2:$O$50, MATCH(20, Schedule_Slots_Data!$Q$2:$Q$50, 0)), "") | J26: =IFERROR(INDEX(Schedule_Slots_Data!$H$2:$H$50, MATCH(20, Schedule_Slots_Data!$Q$2:$Q$50, 0)), "") | K26: =IFERROR(INDEX(Schedule_Slots_Data!$P$2:$P$50, MATCH(20, Schedule_Slots_Data!$Q$2:$Q$50, 0)), "") | L26: =IF(C26="","", C26 & "," & D26 & "," & E26 & "," & F26 & "," & G26 & ",""" & H26 & """," & I26)

Sheet Schedule_Slots_Data
A1: Slot ID | B1: Week | C1: Day | D1: Date | E1: Time Display | F1: Start Time (AM/PM) | G1: End Time (AM/PM) | H1: Duration (Min) | I1: Duration (Hrs) | J1: Facility Raw | K1: GrayJay Official Venue | L1: Clean Team | M1: Category | N1: Event Title (GrayJay) | O1: Ice Surface Option | P1: Notes | Q1: Manager Helper Index
A2: 1 | B2: Week 1 | C2: Monday | D2: 2026-10-05 | E2: 16:00 - 17:00 | F2: 04:00 PM | G2: 05:00 PM | H2: 60 | I2: 1 | J2: Deuvilles | K2: Deuville’s Rink, Truro, NS | L2: U13A | M2: Practice | N2: Practice | O2: Full Ice | P2: Early afternoon team practice | Q2: =IF(L2=Manager_GrayJay_Export!$C$4, COUNTIF(L$2:L2, Manager_GrayJay_Export!$C$4), "")
A3: 2 | B3: Week 1 | C3: Monday | D3: 2026-10-05 | E3: 17:00 - 18:00 | F3: 05:00 PM | G3: 06:00 PM | H3: 60 | I3: 1 | J3: Deuvilles | K3: Deuville’s Rink, Truro, NS | L3: U11AA | M3: Practice | N3: Practice | O3: Full Ice | P3: Regular practice slot | Q3: =IF(L3=Manager_GrayJay_Export!$C$4, COUNTIF(L$2:L3, Manager_GrayJay_Export!$C$4), "")
A4: 3 | B4: Week 1 | C4: Monday | D4: 2026-10-05 | E4: 18:00 - 19:30 | F4: 06:00 PM | G4: 07:30 PM | H4: 90 | I4: 1.5 | J4: Deuvilles | K4: Deuville’s Rink, Truro, NS | L4: U15AA | M4: Practice | N4: Practice | O4: Full Ice | P4: 90 min extended session | Q4: =IF(L4=Manager_GrayJay_Export!$C$4, COUNTIF(L$2:L4, Manager_GrayJay_Export!$C$4), "")
A5: 4 | B5: Week 1 | C5: Monday | D5: 2026-10-05 | E5: 19:30 - 20:30 | F5: 07:30 PM | G5: 08:30 PM | H5: 60 | I5: 1 | J5: Deuvilles | K5: Deuville’s Rink, Truro, NS | L5: [OPEN] | M5: Unassigned | N5: Open Ice | O5: Full Ice | P5: Potential dead ice - return or assign | Q5: =IF(L5=Manager_GrayJay_Export!$C$4, COUNTIF(L$2:L5, Manager_GrayJay_Export!$C$4), "")
A6: 5 | B6: Week 1 | C6: Tuesday | D6: 2026-10-06 | E6: 17:00 - 18:00 | F6: 05:00 PM | G6: 06:00 PM | H6: 60 | I6: 1 | J6: Stadium | K6: Colchester Legion Stadium, Truro, NS | L6: U13A | M6: Practice | N6: Practice | O6: Full Ice | P6: Tuesday team practice | Q6: =IF(L6=Manager_GrayJay_Export!$C$4, COUNTIF(L$2:L6, Manager_GrayJay_Export!$C$4), "")
A7: 6 | B7: Week 1 | C7: Tuesday | D7: 2026-10-06 | E7: 18:00 - 19:00 | F7: 06:00 PM | G7: 07:00 PM | H7: 60 | I7: 1 | J7: Stadium | K7: Colchester Legion Stadium, Truro, NS | L7: U11C Bernard | M7: Practice | N7: Practice | O7: Full Ice | P7: House league practice | Q7: =IF(L7=Manager_GrayJay_Export!$C$4, COUNTIF(L$2:L7, Manager_GrayJay_Export!$C$4), "")
A8: 7 | B8: Week 1 | C8: Wednesday | D8: 2026-10-07 | E8: 16:30 - 17:30 | F8: 04:30 PM | G8: 05:30 PM | H8: 60 | I8: 1 | J8: RECC | K8: Rath Eastlink Community Centre, Truro, NS | L8: U11AA | M8: Practice | N8: Practice | O8: Full Ice | P8: Mid-week skill development | Q8: =IF(L8=Manager_GrayJay_Export!$C$4, COUNTIF(L$2:L8, Manager_GrayJay_Export!$C$4), "")
A9: 8 | B9: Week 1 | C9: Wednesday | D9: 2026-10-07 | E9: 17:30 - 18:30 | F9: 05:30 PM | G9: 06:30 PM | H9: 60 | I9: 1 | J9: RECC | K9: Rath Eastlink Community Centre, Truro, NS | L9: U13A | M9: Development | N9: Development Session | O9: Half Ice | P9: Shared skills ice with U13B | Q9: =IF(L9=Manager_GrayJay_Export!$C$4, COUNTIF(L$2:L9, Manager_GrayJay_Export!$C$4), "")
A10: 9 | B10: Week 1 | C10: Wednesday | D10: 2026-10-07 | E10: 18:30 - 20:00 | F10: 06:30 PM | G10: 08:00 PM | H10: 90 | I10: 1.5 | J10: RECC | K10: Rath Eastlink Community Centre, Truro, NS | L10: U15AA | M10: Practice | N10: Practice | O10: Full Ice | P10: Full ice prep session | Q10: =IF(L10=Manager_GrayJay_Export!$C$4, COUNTIF(L$2:L10, Manager_GrayJay_Export!$C$4), "")
A11: 10 | B11: Week 1 | C11: Thursday | D11: 2026-10-08 | E11: 17:00 - 18:00 | F11: 05:00 PM | G11: 06:00 PM | H11: 60 | I11: 1 | J11: Debert | K11: West Colchester United Arena, Debert, NS | L11: U11C Bernard | M11: Practice | N11: Practice | O11: Full Ice | P11: Debert practice session | Q11: =IF(L11=Manager_GrayJay_Export!$C$4, COUNTIF(L$2:L11, Manager_GrayJay_Export!$C$4), "")
A12: 11 | B12: Week 1 | C12: Saturday | D12: 2026-10-10 | E12: 16:30 - 17:50 | F12: 04:30 PM | G12: 05:50 PM | H12: 80 | I12: 1.33 | J12: Stadium | K12: Colchester Legion Stadium, Truro, NS | L12: U13AA | M12: Game | N12: League Game | O12: Full Ice | P12: GrayJay #131131 vs Antigonish | Q12: =IF(L12=Manager_GrayJay_Export!$C$4, COUNTIF(L$2:L12, Manager_GrayJay_Export!$C$4), "")
A13: 12 | B13: Week 1 | C13: Sunday | D13: 2026-10-11 | E13: 12:00 - 13:00 | F13: 12:00 PM | G13: 01:00 PM | H13: 60 | I13: 1 | J13: Stadium | K13: Colchester Legion Stadium, Truro, NS | L13: [OPEN] | M13: Unassigned | N13: Open Ice | O13: Full Ice | P13: Weekend dead ice warning | Q13: =IF(L13=Manager_GrayJay_Export!$C$4, COUNTIF(L$2:L13, Manager_GrayJay_Export!$C$4), "")
